Model,Train_MAE,Test_MAE,Test_RMSE,Test_R2
Random Forest,0.030778529780842112,0.03998134656408898,0.18067909582368044,0.9727553750432671
XGBoost,0.024817386392398156,0.037702310053819625,0.1311377076206338,0.9856477433458012
